MOT_LISTE	VED	LEM	TL_ORDRE	BALISE	AVANT	APRES
hontagier	AHONTAGIER	ahontagier	1	LEMME	hontagier	ahontagier
herbergëor	AUBERGEUR	aubergeur	1	LEMME	herbergëor	herbergor
inquinacïon	COINQUINATION	coinquination	1	LEMME	inquinacïon	cinquinacon
coutelet	COTTELET	cottelet	1	LEMME	coutelet	cotelet
coupe	COUPE	coupe3	1	SLEMME	coupe	coupe2
cortilliere	COURTILLIERE	courtillire1	1	SLEMME	cortilliere	cortilliere1
cortilliere	COURTILLIERE	courtillire2	1	LEMME	cortilliere	cortilliere2
coutivëure	COUTIVURE	coutivure	1	LEMME	coutivëure	coutivure
cretine	CRETINE	cretine	1	LEMME	cretine	cretine1
coutivëure	CULTIVURE	cultivure	1	LEMME	coutivëure	coutivure
dea	DE	de	1	LEMME	dea	de
escharjage	DESCHARGEAGE	dchargeage	1	LEMME	escharjage	descharjage
escostengier	DESCOUTANGIER	dcoutanger	1	LEMME	escostengier	decostengier
desfaçoner	DESFAONNER	dfaonner	1	LEMME	desfaçoner	desfaoner
desfendre	DEFENDRE	dfendre1	1	LEMME	desfendre	defendre
desfendre	DEFENDRE	dfendre2	1	LEMME	desfendre	desfendre2
esgarder	DEGRADER	dgarder	1	LEMME	esgarder	desgarder
despendëor	DESPENDEUR	dpendeur1	1	LEMME	despendëor1	despendor2
despendëor	DESPENDEUR	dpendeur2	1	LEMME	despendëor1	despendor1
depert	DEPERTE	dperte	1	LEMME	depert	deperte
pertuisier	DEPERTUISER	depertuiser	1	LEMME	pertuisier	depertuisier
descompagnier	DESACCOMPAGNER	desaccompagner	1	LEMME	descompagnier	desacompagnier
desagrëable	DESAGREABLE	dsagrable	1	LEMME	desagrëable	desagrable
desagrëable	DESAGREABLET	dsagrablet	1	LEMME	desagrëable	desagrablet
desagrëer	DESAGREANCE	desagrance	1	LEMME	desagrëer	desagrance
desagrëer	DESAGREER	dsagrer	1	LEMME	desagrëer	desagrer
desavancier	DESAVANCE	desavance	1	LEMME	desavancier	desavance
eschever	DESCHEVER	deschever	1	LEMME	eschever	deschever
descontinüer	DESCONTINUER	descontinuer	1	LEMME	descontinüer	descontiner
desacostumance	DESCOUSTUMANCE	descoutumance	1	LEMME	desacostumance	descostumance
descröer	DESCROUER	descrouer	1	LEMME	descröer	descrer
descouper	DESENCOULPER	desencoulper	1	LEMME	descouper	desencouper
desvoleper	DESENVELOPPER	desenvelopper	1	LEMME	desvoleper	desenvoleper
destablir	DESESTABLIR	desestablir	1	LEMME	destablir	desestablir
desfaçoner	DESFAONNER	desfaonner	1	LEMME	desfaçoner	desfaoner
desfieler	DESFINCELER	desfinceler	1	LEMME	desfieler	desfinceler
desfoncier	DESFRONCER	desfroncer	1	LEMME	desfoncier	desfroncier
deslöer	DESLOUER	deslouer1	1	LEMME	deslöer	desler1
deslöer	DESLOUER	deslouer2	1	LEMME	deslöer	desler2
desparagier	DESPARAGE	desparage	1	LEMME	desparagier	desparage
desprisoner	DESPRISEUR	despriseur	1	LEMME	desprisoner	desprisor
dessaisoner	DESSAISON	dessaison	1	LEMME	dessaisoner	dessaison
dessemblable	DESSEMBLABLET	dessemblablet1	1	LEMME	dessemblable	dessemblablet
dessoler	DESSOLER	dessoler1	1	LEMME	dessoler	dessoler2
dessoler	DESSOLER	dessoler3	1	LEMME	dessoler	dessoler1
descröer	DESTROUER	destroyer1	1	LEMME	descröer	descrer
mestraitier	DESTRAITER	dtraiter	1	LEMME	mestraitier	destraitier
destrempe	DESTREMPURE	dtrempure	1	LEMME	destrempe	destrempure
destrosser	DESTROUSSE	dtrousse	1	LEMME	destrosser	destrosse
devïer	DEVEER	dever	1	LEMME	devïer	dever
devïer	DESVIER	dvier2	1	LEMME	devïer	dever
deviner	DEVINE	devine	1	SLEMME	deviner	devine
devisëor	DEVISEUR	deviseur	1	LEMME	devisëor	devisor
ditor	DICTEUR	dicteur1	1	LEMME	ditor	ditor1
ditor	DICTEUR	dicteur2	1	LEMME	ditor	ditor2
descontinüer	DISCONTINUER	discontinuer	1	LEMME	descontinüer	descontiner
devisëor	DIVISEUR	diviseur1	1	LEMME	devisëor	devisor
rapeler	DRAPELER	drapeler	1	LEMME	rapeler	drapeler
esböir	ESBAHIR	bahir	1	LEMME	esböir	esbir
escüelier	ESCUELLIER	cuellier1	1	LEMME	escüelier1	escelier2
escüelier	ESCUELLIER	cuellier2	1	LEMME	escüelier1	escelier1
esböir	EMBAHIR	embahir	1	LEMME	esböir	esbir
enmende	EMENDE	mende	1	LEMME	enmende	emende
enmofler	EMMOLER	emmoler	1	LEMME	enmofler	enmoler
parfondir	EMPARFONDIR	emparfondir	1	LEMME	parfondir	emparfondir
impetracïon	EMPETRATION	emptration	1	LEMME	impetracïon	impetracon
replaquier	EMPLAQUER	emplaquer	1	LEMME	replaquier	emplaquier
emploré	EMPLEUR	empleur	1	LEMME	emploré	emplor
emploré	EMPLEURER	empleurer	1	LEMME	emploré	emplor
enceinte	ENCEINT	enceint1	1	LEMME	enceinte	enceint
encloëure	ENCLAVURE	enclavure1	1	LEMME	encloëure	encloure
encloëure	ENCLOUURE	enclouure	1	LEMME	encloëure	encloure
encortiner	ENCOURTINEMENT	encourtinement	1	LEMME	encortiner	encortinement
encrëable	ENCREABLE	encrable	1	LEMME	encrëable	encrable
endoctrinëor	ENDOCTRINERESSE	endoctrineresse	1	LEMME	endoctrinëor	endoctrinor
endoctrinëor	ENDOCTRINEUR	endoctrineur	1	LEMME	endoctrinëor	endoctrinor
enfanter	ENFANTURE	enfanture	1	LEMME	enfanter	enfanture
enformer	ENFORMEMENT	enformement	1	LEMME	enformer	enformement
enformëor	ENFORMEUR	enformeur	1	LEMME	enformëor	enformor
enföir	ENFOUIR	enfouir	1	LEMME	enföir1	enfir2
enfroiié	ENFRAY	enfray	1	LEMME	enfroiié	enfroii
enfroiié	ENFROIER	enfroier	1	LEMME	enfroiié	enfroii
engrangier	ENGRANGIER	engrangier	2	LEMME	engrangier	engrangier2
rengrever	ENGREVER	engrever	1	LEMME	rengrever	engrever
enjanglé	ENJENGLER	enjengler	1	LEMME	enjanglé	enjangl
enemistié	ENNEMISTI	ennemiti	1	LEMME	enemistié	enemisti
enrer	ENROUER	enrouer1	1	LEMME	enrer	enrer1
enrer	ENROUER	enrouer2	1	LEMME	enrer	enrer2
entencïon	ENTENTION	entention	1	LEMME	entencïon	entencon
entonëoir	ENTONNEUR	entonneur1	1	LEMME	entonëoir	entonoir
entonëoir	ENTONNOIR	entonnoir	1	LEMME	entonëoir	entonoir
entrait	ENTRAIT	entrait2	1	SLEMME	entrait	entrait2
entreprise	ENTREPRIS	entrepris	1	LEMME	entreprise	entrepris
entr'öir	ENTR'OUR	entrour	1	LEMME	entr'öir	entr'ir
envoi	ENVOIE	envoie	1	SLEMME	envoi	en_voie
espovrir	ESPEURIR	peurir	1	LEMME	espovrir	esporir
esröeillier	ESRAILLER	railler	1	LEMME	esröeillier	esreillier
escorser	ESCOURS	escours	1	LEMME	escorser	escors
escröe	ESCROUE	escroue1	1	LEMME	escröe1	escre1
escröe	ESCROUE	escroue2	1	LEMME	escröe1	escre2
grapillier	ESGRAPILLER	esgrapiller	1	LEMME	grapillier	esgrapillier
enmende	ESMENDE	esmende	1	LEMME	enmende	emende
espacïos	ESPACIEUX	espacieux	1	LEMME	espacïos	espacos
esperitalité	ESPIRITUALIT	espiritualit	1	LEMME	esperitalité	esperitalit
espoir	ESPOIR	espoir1	1	LEMME	espoir	espoir2
espröon	ESPROHON	esprohon	1	LEMME	espröon	espron
esröeillier	ESROULER	esrouler	1	LEMME	esröeillier	esreillier
estraver	ESTRAVERS	estravers	1	LEMME	estraver	estravers
retrenchier	ESTRENCHER	estrencher	1	LEMME	retrenchier	estrenchier
estrive	ESTRIVEE	estrive	1	LEMME	estrive	estrivee
estalier	ESTALIER	talier1	1	LEMME	estalier	estalier1
estalier	ESTALIER	talier2	1	LEMME	estalier	estalier2
estrecier	ESTRECIR	trcir	1	LEMME	estrecier	estrecir
etimologie	ETYMOLOGIER	tymologier	1	LEMME	etimologie	etimologiier
exercïon	EXERCION	exercion	1	LEMME	exercïon	exercon
exercïon	EXERCITION	exercition	1	LEMME	exercïon	exercicon
fanfelüe	FAFELU	fafelu	1	LEMME	fanfelüe	fanfele
fine	FAINE	faine	1	LEMME	fine	fine1
feste	FAITE	fate	1	LEMME	feste	feste2
faitier	FAITIER	faitier2	1	LEMME	faitier	faitier2
falot	FALOT	falot3	1	LEMME	falot1	falot
fanfelüe	FANFELUE	fanfelue	1	LEMME	fanfelüe	fanfele
faucillier	FAUCILLIER	faucillier	1	LEMME	faucillier1	faucillier
fermoir	FERMEUR	fermeur2	1	LEMME	fermoir	fermor
feste	FESTE	fte	1	LEMME	feste	feste1
fïancier	FIANCER	fiancer	1	LEMME	fïancier1	fancier1
fïancier	FIANCIER	fiancier	1	LEMME	fïancier1	fancier2
fileron	FILEON	fileon	1	LEMME	fileron	fileon
fluvïel	FLUVIAL	fluvial	1	LEMME	fluvïel	fluvel
fluvïel	FLUVIEL	fluviel	1	LEMME	fluvïel	fluvel
fondëiz	FONDIS	fondis1	1	LEMME	fondëiz	fondiz
fondëiz	FONDIS	fondis2	1	LEMME	fondëiz	fondiz
formel	FORMEL	formel2	1	LEMME	formel1	formel
forment	FORTEMENT	fortement	1	SLEMME	forment	fortment
fine	FOUINE	fouine1	1	LEMME	fine	fine2
forrëor	FOURREUR	fourreur1	1	LEMME	forrëor1	forror2
forrëor	FOURREUR	fourreur2	1	LEMME	forrëor1	forror1
gäaignepain	GAGNE-PAIN	gagne-pain1	1	LEMME	gäaignepain	gaignepain
gäaignepain	GAGNE-PAIN	gagne-pain2	1	LEMME	gäaignepain	gaignepain
galïot	GALIOT	galiot1	1	LEMME	galïot1	galot1
galïot	GALIOT	galiot2	1	LEMME	galïot1	galot2
gaudine	GAUDIN	gaudin2	1	LEMME	gaudine	gaudin
gire	GIRE	gire2	2	LEMME	gire	gire2
glon	GLAON	glaon	1	LEMME	glon	glaon
grüerie	GRAERIE	graerie	1	LEMME	grüerie	grerie
grüerie	GREERIE	grerie	1	LEMME	grüerie	grerie
guiternëor	GUITERNEUR	guiterneur	1	LEMME	guiternëor	guiternor
h	HA	ha	1	LEMME	h	a2
harpëor	HARPEUR	harpeur1	1	LEMME	harpëor1	harpor1
harpëor	HARPEUR	harpeur2	1	LEMME	harpëor1	harpor2
herbergëor	HEBERGEUR	hbergeur	1	LEMME	herbergëor	herbergor
orribleté	HORRIBILIT	horribilit	1	LEMME	orribleté	orriblet
orribleté	HORRIBLET	horriblet	1	LEMME	orribleté	orriblet
hüeter	HOUETER	houeter	1	LEMME	hüeter	heter
hüeter	HUETER	hueter	1	LEMME	hüeter	heter
impetracïon	IMPETRATION	imptration	1	LEMME	impetracïon	impetracon
encrëable	INCREABLE	incrable	1	LEMME	encrëable	encrable
infirmer	INFIRME	infirme	1	LEMME	infirmer	infirme
enformëor	INFORMEUR	informeur	1	LEMME	enformëor	enformor
enemistié	INIMITI	inimiti	1	LEMME	enemistié	enemisti
injurïateur	INJURATEUR	injurateur	1	LEMME	injurïateur	injurateur
injurïateur	INJURIATEUR	injuriateur	1	LEMME	injurïateur	injurateur
inquinacïon	INQUINATION	inquination	1	LEMME	inquinacïon	inquinacon
insensibleté	INSENSIBILIT	insensibilit	1	LEMME	insensibleté	insensiblet
entencïon	INTENTION	intention	1	LEMME	entencïon	entencon
jetoir	JETEUR	jeteur1	1	LEMME	jetoir	jetor
jonemente	JEUNEMENT	jeunement	1	SLEMME	jonemente	jonement
jüerie	JUERIE	juerie	1	LEMME	jüerie	jerie
jüerie	JUIVERIE	juiverie	1	LEMME	jüerie	jerie
levëor	LEVEUR	leveur1	1	LEMME	levëor	levor
levëor	LEVEUR	leveur2	1	LEMME	levëor	levor
lignet	LIGET	liget	1	LEMME	lignet	liget
ling	LIN	lin2	1	LEMME	ling1	ling
ling	LING	ling	1	LEMME	ling1	ling
livree	LIVREE	livre1	1	LEMME	livree1	livree
livree	LIVREE	livre2	1	LEMME	livree1	livree
löerresse	LOUERESSE	loueresse1	1	LEMME	löerresse1	lerresse1
löerresse	LOUERESSE	loueresse2	1	LEMME	löerresse1	lerresse2
mamoné	MAONNE	maonne	1	LEMME	mamoné	maone
malëur	MALHEUR	malheur	1	SLEMME	malëur	malur
malëur	MALHEUR	malheur	1	LEMME	malëur	ur
mamoné	MAMONNE	mamonne	1	LEMME	mamoné	mamon
mangëor	MANGEUR	mangeur1	1	LEMME	mangëor	mangor
megëicier	MEGISSER	mgisser	1	LEMME	megëicier1	megicier2
megëicier	MEGISSIER	mgissier	1	LEMME	megëicier1	megicier1
mangëor	MIGNEUR	migneur	1	LEMME	mangëor	mangor
muilon	MILION	milion	1	LEMME	muilon	milon1
muilon	MILLION	million1	1	LEMME	muilon	milon2
moison	MOISON	moison3	1	LEMME	moison	moison4
mortüage	MORTAGE	mortage	1	LEMME	mortüage	mortage
mortüage	MORTUAGE	mortuage	1	LEMME	mortüage	mortage
mouteplïance	MOULTEPLIANCE	moultepliance	1	LEMME	mouteplïance	mouteplance
mouteplïance	MULTIPLIANCE	multipliance	1	LEMME	mouteplïance	mouteplance
musëor	MUSEUR	museur1	1	LEMME	musëor1	musor1
musëor	MUSEUR	museur2	1	LEMME	musëor1	musor2
misterïal	MYSTERIAL	mystrial	1	LEMME	misterïal	misteral
misterïal	MYSTERIEL	mystriel	1	LEMME	misterïal	misteral
nasier	NASSIER	nassier2	1	LEMME	nasier	nassier
navílie	NAVILE	navile	1	LEMME	navílie	navlie
navílie	NAVIRE	navire	1	LEMME	navílie	navlie
nüance	NIANCE	niance	1	LEMME	nüance	nance
nöeler	NIELLER	nieller1	1	LEMME	nöeler	neler
nöeler	NOUELER	noueler	1	LEMME	nöeler	neler
nüance	NUANCE	nuance	1	LEMME	nüance	nance
nudité	NUET	nuet	1	LEMME	nudité	nudit
ocasïoner	OCCASIONN	occasionn	1	LEMME	ocasïoner	ocasoner
ocasïoner	OCCASIONNER	occasionner	1	LEMME	ocasïoner	ocasoner
oficïal	OFFICIAL	official1	1	LEMME	oficïal	ofical
oficïal	OFFICIAL	official3	1	LEMME	oficïal	ofical
opcïon	OPTION	option1	1	LEMME	opcïon1	opcon1
opcïon	OPTION	option2	1	LEMME	opcïon1	opcon2
orëor	OREUR	oreur	1	LEMME	orëor1	oror1
orïental	ORIENTAL	oriental	1	LEMME	orïental	orental
orïental	ORIENTEL	orientel	1	LEMME	orïental	orental
orëor	OROIR	oroir	1	LEMME	orëor1	oror2
oblïer	OUBLI	oubli	1	LEMME	oblïer	obler
oblïer	OUBLIER	oublier	1	LEMME	oblïer	obler
ovrable	OUVRABLE	ouvrable1	1	LEMME	ovrable1	ovrable
platine	PALATINE	palatine	1	SLEMME	platine	palatine
parge	PARGE	parge1	1	LEMME	parge	parge1
parge	PARGE	parge2	1	LEMME	parge	parge2
past	PAST	past1	1	LEMME	past1	past
past	PAST	pt	1	LEMME	past1	past
pëagier	PEAGER	pager	1	LEMME	pëagier1	pagier
pëagier	PEAGIER	pagier	1	LEMME	pëagier1	pagier1
pecëiz	PECEIS	peceis	1	LEMME	pecëiz	peciz
pecëiz	PECEIS	pcis	1	LEMME	pecëiz	peciz
peregrinacïon	PELERINATION	plrination	1	LEMME	peregrinacïon	peregrinacon
pendant	PENDANT	pendant2	1	SLEMME	pendant	pendant2
peregrinacïon	PEREGRINATION	prgrination	1	LEMME	peregrinacïon	peregrinacon
permutacïon	PERMUTATION	permutation	1	LEMME	permutacïon	permutacon
farisé	PHARISEE	pharise	1	LEMME	farisé	faris
farisé	PHARISEU	phariseu	1	LEMME	farisé	faris
pile	PILE	pile1	1	LEMME	pile1	pile
pile	PILE	pile2	1	LEMME	pile1	pile
piler	PILER	piler1	1	LEMME	piler1	piler
piler	PILIER	pilier	1	LEMME	piler1	piler
pincel	PINCEL	pincel	1	LEMME	pincel1	pincel
pinçon	PINSON	pinson	1	LEMME	pinçon	pinon
plote	PLOTE	plote1	1	LEMME	plote1	plote
plote	PLOTE	plote2	1	LEMME	plote1	plote
pöacre	PODAGRE	podagre	1	LEMME	pöacre	pacre
pöesté	POESTE	poeste	1	LEMME	pöesté	peste
pöesté	POST	post	1	LEMME	pöesté	pest
portier	PORTIER	portier1	1	LEMME	portier1	portier
portier	PORTIER	portier3	1	LEMME	portier1	portier
pouture	POTEURE	poteure1	1	LEMME	pouture	poture
pöacre	POUACRE	pouacre	1	LEMME	pöacre	pacre
poillier	POUILLIER	pouillier1	1	LEMME	poillier	poillier1
poillier	POUILLIER	pouillier2	1	LEMME	poillier	poillier2
pröage	PRAAGE	praage	1	LEMME	pröage	prage
prëer	PREDER	preder	1	LEMME	prëer	prer
priëor	PREDEUR	predeur	1	LEMME	priëor	preor
prëer	PREER	prer	1	LEMME	prëer	prer
priëor	PREEUR	preur	1	LEMME	priëor	preor
prelacïon	PRELATION	prlation	1	LEMME	prelacïon	prelacon
prelacïon	PRELIATION	preliation	1	LEMME	prelacïon	prelacon
principalité	PRINCIPAUT	principaut	1	LEMME	principalité	principalit
pröage	PROAGE	proage	1	LEMME	pröage	prage
procuracïon	PROCREATION	procration	1	LEMME	procuracïon	procracon
procuracïon	PROCURATION	procuration	1	LEMME	procuracïon	procuracon
permutacïon	PROMUTATION	promutation	1	LEMME	permutacïon	permutacon
prostré	PROSTRER	prostrer	1	LEMME	prostré	prostr
pinçon	QUINSON	quinson	1	LEMME	pinçon	pinon
guiternëor	QUINTERNEUR	quinterneur	1	LEMME	guiternëor	guiternor
röable	RABLE	rble	1	LEMME	röable	rable
ralïance	RALLIANCE	ralliance	1	LEMME	ralïance	ralance
ralïance	RALLOIANCE	ralloiance	1	LEMME	ralïance	ralance
ramentevance	RAMENTANCE	ramentance	1	LEMME	ramentevance	ramentance
ravoler	RAVIOLE	raviole	2	LEMME	ravoler	ravole
relent	REAUMENT	raument	1	SLEMME	relent	relment
reborser	REBOURS	rebours	1	LEMME	reborser	rebors
recoupëor	RECOUPERESSE	recouperesse	1	LEMME	recoupëor	recoupor
recoupëor	RECOUPEUR	recoupeur	1	LEMME	recoupëor	recoupor
recovrëor	RECOUVREUR	recouvreur1	1	LEMME	recovrëor1	recovror2
recovrëor	RECOUVREUR	recouvreur2	1	LEMME	recovrëor1	recovror1
recrïer	RECREER	rcrer	1	LEMME	recrïer	recrer
recrïer	RECRIER	recrier	1	LEMME	recrïer	recrer
recuitëor	RECUITERESSE	recuiteresse	1	LEMME	recuitëor	recuitor
recuitëor	RECUITEUR	recuiteur	1	LEMME	recuitëor	recuitor
regraignier	REGAGNER	regagner1	1	LEMME	regraignier	regaignier
regraignier	REGAGNER	regagner2	1	LEMME	regraignier	regaignier
renvïer	RENVAHIR	renvahir	1	LEMME	renvïer	renvir
renvïer	RENVIER	renvier1	1	LEMME	renvïer	renver
repos	REPOUS	repous	1	LEMME	repos	repous1
resoler	RESAOULER	resaouler	1	LEMME	resoler1	resoler
resteler	RESCELLER	resceller	1	LEMME	resteler	reseler
resoler	RESOLER	resoler	1	LEMME	resoler1	resoler
restorier	RESTORIER	restaurier1	1	LEMME	restorier1	restorier
röable	RIABLE	riable	1	LEMME	röable	rable
ribaudel	RIBAUDEAU	ribaudeau	1	LEMME	ribaudel	ribaudel1
ribaudel	RIBAUDEL	ribaudel	1	LEMME	ribaudel	ribaudel2
rimor	RIMEUR	rimeur1	1	LEMME	rimor	rimor2
rimor	RIMEUR	rimeur2	1	LEMME	rimor	rimor1
roncëiz	RONCEIS	ronceis	1	LEMME	roncëiz	ronciz
roncëiz	RONCEIS	roncis	1	LEMME	roncëiz	ronciz
rondet	RONDE	ronde	1	SLEMME	rondet	ronde
rüelete	ROULETTE	roulette	1	LEMME	rüelete	relete
rüelete	RUELLETTE	ruellette	1	LEMME	rüelete	relete
sapïent	SAPIENT	sapient	1	LEMME	sapïent	sapent
sapïent	SAPIENTEMENT	sapientement	1	LEMME	sapïent	sapent
söement	SEEMENT	sement	1	LEMME	söement	sement
semoir	SEMEUR	semeur1	1	LEMME	semoir	semor
senevé	SENEVEL	senevel	1	LEMME	senevé	senev
sobreté	SOBRIET	sobrit	1	LEMME	sobreté	sobret
socïal	SOCIAL	social	1	LEMME	socïal	socall
resolutoire	SOLUTOIRE	solutoire	1	LEMME	resolutoire	solutoire
söatume	SOUATUME	souatume	1	LEMME	söatume	satume
söement	SOUDEMENT	soudement	1	SLEMME	söement	sodement
söatume	SOUEFTUME	soueftume	1	LEMME	söatume	satume
espacïos	SPACIEUX	spacieux	1	LEMME	espacïos	espacos
esperitalité	SPIRITUALIT	spiritualit	1	LEMME	esperitalité	esperitalit
espröon	SPROHON	sprohon	1	LEMME	espröon	espron
soranné	SURANN	surann	1	LEMME	soranné	sorann
soranné	SURANNER	suranner	1	LEMME	soranné	sorann
tabellïon	TABELLION	tabellion	1	LEMME	tabellïon	tabellon
tabellïon	TABELLION	tabellion	1	LEMME	tabellïon	tabellon
temprement	TEMPORELLEMENT	temporellement	1	SLEMME	temprement1	temporelment
tendement	TENDREMENT	tendrement	1	SLEMME	tendement	tendrement
terroier	TERROIR	terroir	1	LEMME	terroier	terroir
terçuel	TIERCEL	tiercel	1	LEMME	terçuel1	teruel1
terçuel	TIERUEL	tieruel1	1	LEMME	terçuel1	teruel2
tordoir	TORDEUR	tordeur	1	LEMME	tordoir	tordor
traversain	TRAVERSIN	traversin	1	LEMME	traversain	traversin
vairie	VAIR	vair	1	LEMME	vairie	vair1
verié	VOUERIE	vouerie1	1	LEMME	verié	verie1
verié	VOUERIE	vouerie2	1	LEMME	verié	verie2
